[
	{
		"type":"monstergroup",
		"name" : "GROUP_DEMONBABY_UPGRADE",
		"default" : "mon_null",
		"monsters" : [
			{ "monster" : "mon_lessor_succubi", "freq" : 25, "cost_multiplier" : 0 },
			{ "monster" : "mon_lessor_incubi", "freq" : 25, "cost_multiplier" : 0 },
			{ "monster" : "mon_ded_lessor_demonbase", "freq" : 35, "cost_multiplier" : 0 },
			{ "monster" : "mon_lessor_demonbase", "freq" : 15, "cost_multiplier" : 0 }
		]
	},
	{
		"type":"monstergroup",
		"name" : "GROUP_SUCCUBI_UPGRADE",
		"default" : "mon_null",
		"monsters" : [
			{ "monster" : "mon_succubi_sadist", "freq" : 30, "cost_multiplier" : 10 },
			{ "monster" : "mon_succubi_somnophilia", "freq" : 30, "cost_multiplier" : 10 },
			{ "monster" : "mon_succubi_exhibitionism", "freq" : 30, "cost_multiplier" : 10 },
			{ "monster" : "mon_succubi_lactophilia", "freq" : 10, "cost_multiplier" : 10 }
		]
	},
	{
		"type":"monstergroup",
		"name" : "GROUP_INCUBI_UPGRADE",
		"default" : "mon_null",
		"monsters" : [
			{ "monster" : "mon_incubi_sthenolagnia", "freq" : 40, "cost_multiplier" : 0 },
			{ "monster" : "mon_incubi_phalloplas", "freq" : 40, "cost_multiplier" : 0 },
			{ "monster" : "mon_incubi_hoplophilia", "freq" : 20, "cost_multiplier" : 0 }
		]
	},
	{
		"type":"monstergroup",
		"name" : "GROUP_FOREST",
		"default" : "mon_null",
		"monsters" : [
			{ "monster" : "mon_lessor_succubi", "freq" : 10, "cost_multiplier" : 10, "pack_size" : [1,3] },
			{ "monster" : "mon_lessor_succubi", "freq" : 30, "cost_multiplier" : 30, "pack_size" : [3,10], "conditions" : ["DUSK", "NIGHT"] },
			{ "monster" : "mon_succubi", "freq" : 10, "cost_multiplier" : 5, "pack_size" : [1,2] },
			{ "monster" : "mon_succubi", "freq" : 30, "cost_multiplier" : 15, "pack_size" : [2,10], "conditions" : ["DUSK", "NIGHT"] },
			{ "monster" : "mon_succubi_sadist", "freq" : 5, "cost_multiplier" : 5 },
			{ "monster" : "mon_succubi_sadist", "freq" : 25, "cost_multiplier" : 20, "pack_size" : [1,3], "conditions" : ["DUSK", "NIGHT"] },
			{ "monster" : "mon_succubi_somnophilia", "freq" : 50, "cost_multiplier" : 50, "conditions" : ["DUSK", "NIGHT"] },
			{ "monster" : "mon_succubi_exhibitionism", "freq" : 5, "cost_multiplier" : 5 },
			{ "monster" : "mon_succubi_exhibitionism", "freq" : 25, "cost_multiplier" : 20, "pack_size" : [1,3], "conditions" : ["DUSK", "NIGHT"] },
			{ "monster" : "mon_succubi_lactophilia", "freq" : 3, "cost_multiplier" : 5 },
			{ "monster" : "mon_succubi_lactophilia", "freq" : 10, "cost_multiplier" : 20, "pack_size" : [1,3], "conditions" : ["DUSK", "NIGHT"] },
			{ "monster" : "mon_greater_succubi", "freq" : 1, "cost_multiplier" : 50 },
			{ "monster" : "mon_greater_succubi", "freq" : 3, "cost_multiplier" : 50, "conditions" : ["DUSK", "NIGHT"] },

			{ "monster" : "mon_lessor_incubi", "freq" : 10, "cost_multiplier" : 10, "pack_size" : [1,3] },
			{ "monster" : "mon_lessor_incubi", "freq" : 30, "cost_multiplier" : 30, "pack_size" : [3,10], "conditions" : ["DUSK", "NIGHT"] },
			{ "monster" : "mon_incubi", "freq" : 10, "cost_multiplier" : 5, "pack_size" : [1,2] },
			{ "monster" : "mon_incubi", "freq" : 30, "cost_multiplier" : 15, "pack_size" : [2,10], "conditions" : ["DUSK", "NIGHT"] },
			{ "monster" : "mon_incubi_sthenolagnia", "freq" : 5, "cost_multiplier" : 5 },
			{ "monster" : "mon_incubi_sthenolagnia", "freq" : 25, "cost_multiplier" : 20, "pack_size" : [1,3], "conditions" : ["DUSK", "NIGHT"] },
			{ "monster" : "mon_incubi_phalloplas", "freq" : 5, "cost_multiplier" : 5 },
			{ "monster" : "mon_incubi_phalloplas", "freq" : 25, "cost_multiplier" : 20, "pack_size" : [1,3], "conditions" : ["DUSK", "NIGHT"] },
			{ "monster" : "mon_incubi_hoplophilia", "freq" : 5, "cost_multiplier" : 5 },
			{ "monster" : "mon_incubi_hoplophilia", "freq" : 25, "cost_multiplier" : 20, "pack_size" : [1,3], "conditions" : ["DUSK", "NIGHT"] },
			{ "monster" : "mon_greater_incubi", "freq" : 1, "cost_multiplier" : 50 },
			{ "monster" : "mon_greater_incubi", "freq" : 3, "cost_multiplier" : 50, "conditions" : ["DUSK", "NIGHT"] },

			{ "monster" : "mon_cambion_male", "freq" : 20, "cost_multiplier": 3, "pack_size": [2,3] },
			{ "monster" : "mon_cambion_male", "freq" : 5, "cost_multiplier": 7, "pack_size": [3,5] },
			{ "monster" : "mon_cambion_male", "freq" : 3, "cost_multiplier": 13, "pack_size": [5,10] },
			{ "monster" : "mon_cambion_male", "freq" : 1, "cost_multiplier": 20, "pack_size": [10,15] },
			{ "monster" : "mon_cambion_female", "freq" : 20, "cost_multiplier": 3, "pack_size": [2,3] },
			{ "monster" : "mon_cambion_female", "freq" : 5, "cost_multiplier": 7, "pack_size": [3,5] },
			{ "monster" : "mon_cambion_female", "freq" : 3, "cost_multiplier": 13, "pack_size": [5,10] },
			{ "monster" : "mon_cambion_female", "freq" : 1, "cost_multiplier": 20, "pack_size": [10,15] },
			{ "monster" : "mon_goathead_demon", "freq" : 5, "cost_multiplier": 1 },
			{ "monster" : "mon_dark_witch", "freq" : 15, "cost_multiplier": 7 },
			{ "monster" : "mon_dark_summoner", "freq" : 9, "cost_multiplier": 5 },
			{ "monster" : "mon_hentai_vinebeast", "freq" : 5, "cost_multiplier": 1 }
		]
	},
	{
		"type":"monstergroup",
		"name" : "GROUP_CAVE",
		"default" : "mon_null",
		"monsters" : [
			{ "monster" : "mon_lessor_succubi", "freq" : 100, "cost_multiplier" : 20, "pack_size" : [5,10] },
			{ "monster" : "mon_succubi", "freq" : 100, "cost_multiplier" : 10, "pack_size" : [5,10] },
			{ "monster" : "mon_lessor_incubi", "freq" : 100, "cost_multiplier" : 20, "pack_size" : [5,10] },
			{ "monster" : "mon_incubi", "freq" : 100, "cost_multiplier" : 10, "pack_size" : [5,10] },
			{ "monster" : "mon_goathead_demon", "freq" : 9, "cost_multiplier" : 1 }
		]
	},
	{
		"type":"monstergroup",
		"name" : "GROUP_TRIFFID",
		"default" : "mon_triffid",
		"monsters" : [
			{ "monster" : "mon_hentai_vinebeast", "freq" : 100, "cost_multiplier" : 10 }
		]
	},
	{
		"type":"monstergroup",
		"name" : "GROUP_LAB",
		"default" : "mon_zombie_scientist",
		"monsters" : [
			{ "monster" : "mon_lessor_succubi", "freq" : 5, "cost_multiplier" : 10, "pack_size" : [1,5] },
			{ "monster" : "mon_succubi", "freq" : 5, "cost_multiplier" : 5, "pack_size" : [1,3] },
			{ "monster" : "mon_lessor_incubi", "freq" : 5, "cost_multiplier" : 10, "pack_size" : [1,5] },
			{ "monster" : "mon_incubi", "freq" : 5, "cost_multiplier" : 5, "pack_size" : [1,3] }
		]
	},
	{
		"type":"monstergroup",
		"name" : "GROUP_HOUSE",
		"default" : "mon_zombie",
		"monsters" : [
			{ "monster" : "mon_lessor_succubi", "freq" : 30, "cost_multiplier" : 5 },
			{ "monster" : "mon_succubi", "freq" : 20, "cost_multiplier" : 3 },
			{ "monster" : "mon_lessor_incubi", "freq" : 30, "cost_multiplier" : 5 },
			{ "monster" : "mon_incubi", "freq" : 20, "cost_multiplier" : 3 },

			{ "monster" : "mon_cambion_male", "freq" : 20, "cost_multiplier": 3, "pack_size": [3,5] },
			{ "monster" : "mon_cambion_male", "freq" : 5, "cost_multiplier": 3, "pack_size": [5,10] },
			{ "monster" : "mon_cambion_female", "freq" : 20, "cost_multiplier": 3, "pack_size": [3,5] },
			{ "monster" : "mon_cambion_female", "freq" : 5, "cost_multiplier": 3, "pack_size": [5,10] }
		]
	},
	{
		"type":"monstergroup",
		"name" : "GROUP_MANSION",
		"default" : "mon_zombie",
		"monsters" : [
			{ "monster" : "mon_lessor_succubi", "freq" : 30, "cost_multiplier" : 5 },
			{ "monster" : "mon_succubi", "freq" : 30, "cost_multiplier" : 3 },
			{ "monster" : "mon_lessor_incubi", "freq" : 30, "cost_multiplier" : 5 },
			{ "monster" : "mon_incubi", "freq" : 30, "cost_multiplier" : 3 },
			{ "monster" : "mon_dark_witch", "freq" : 10, "cost_multiplier" : 5 },
			{ "monster" : "mon_dark_summoner", "freq" : 10, "cost_multiplier" : 5 },
			{ "monster" : "mon_goathead_demon", "freq" : 2, "cost_multiplier" : 1 }
		]
	},
	{
		"type":"monstergroup",
		"name" : "GROUP_SEWER",
		"default" : "mon_sewer_rat",
		"monsters" : [
			{ "monster" : "mon_cambion_male", "freq" : 50, "cost_multiplier": 7, "pack_size": [3,5] },
			{ "monster" : "mon_cambion_male", "freq" : 25, "cost_multiplier": 13, "pack_size": [5,10] },
			{ "monster" : "mon_cambion_male", "freq" : 10, "cost_multiplier": 20, "pack_size": [10,15] },
			{ "monster" : "mon_cambion_female", "freq" : 50, "cost_multiplier": 7, "pack_size": [3,5] },
			{ "monster" : "mon_cambion_female", "freq" : 25, "cost_multiplier": 13, "pack_size": [5,10] },
			{ "monster" : "mon_cambion_female", "freq" : 10, "cost_multiplier": 20, "pack_size": [10,15] }
		]
	},


	{
		"type":"monstergroup",
		"name": "GROUP_SCHOOL",
		"default": "mon_null",
		"monsters": [
			{ "monster": "mon_corrupted_schoolgirl", "freq": 100, "cost_multiplier": 1 },
			{ "monster": "mon_corrupted_schoolteacher_female", "freq": 20, "cost_multiplier": 1 },
			{ "monster": "mon_corrupted_schoolboy", "freq": 75, "cost_multiplier": 1 },
			{ "monster": "mon_corrupted_schoolteacher_male", "freq": 15, "cost_multiplier": 1 },
			{ "monster": "mon_succubi", "freq": 150, "cost_multiplier": 1 },
			{ "monster": "mon_succubi_sadist", "freq": 10, "cost_multiplier": 5 },
			{ "monster": "mon_succubi_somnophilia", "freq": 10, "cost_multiplier": 5 },
			{ "monster": "mon_succubi_exhibitionism", "freq": 10, "cost_multiplier": 5 },
			{ "monster": "mon_succubi_lactophilia", "freq": 5, "cost_multiplier": 5 },
			{ "monster": "mon_incubi", "freq": 150, "cost_multiplier": 1 },
			{ "monster": "mon_incubi_sthenolagnia", "freq": 10, "cost_multiplier": 5 },
			{ "monster": "mon_incubi_phalloplas", "freq": 10, "cost_multiplier": 5 },
			{ "monster": "mon_incubi_hoplophilia", "freq": 10, "cost_multiplier": 5 }
		]
	},

	{
		"type":"monstergroup",
		"name": "GROUP_PARK_PLAYGROUND",
		"default": "mon_null",
		"monsters": [
			{ "monster": "mon_corrupted_schoolgirl", "freq": 200, "cost_multiplier": 1 },
			{ "monster": "mon_corrupted_schoolteacher_female", "freq": 50, "cost_multiplier": 1 },
			{ "monster": "mon_succubi_lactophilia", "freq": 10, "cost_multiplier": 5 },
			{ "monster": "mon_incubi_sthenolagnia", "freq": 5, "cost_multiplier": 5 },
			{ "monster": "mon_incubi_phalloplas", "freq": 5, "cost_multiplier": 5 },
			{ "monster": "mon_incubi_hoplophilia", "freq": 5, "cost_multiplier": 5 },
			{ "monster": "mon_cambion_male", "freq": 75, "cost_multiplier": 1 },
			{ "monster": "mon_cambion_female", "freq": 75, "cost_multiplier": 1 }
		]
	}
]
