[
	{
		"id": "mon_cambion_male",
		"type": "MONSTER",
		"name": { "str": "cambion", "str_pl": "cambions" },
		"looks_like": "mon_feral_prepper",
		"description": "An abominable demonic offspring of a human and a Demon.  Equipped with improvised armor and weaponry they gathered from somewhere just like you, they march through this hell of an earth.",
		"default_faction": "fiend",
		"categories": [ "CLASSIC" ],
		"species": [ "FIEND", "MALE" ],
		"diff": 3,
		"volume": "62500 ml",
		"weight": "66536 g",
		"hp": 80,
		"speed": 100,
		"material": [ "flesh" ],
		"symbol": "@",
		"color": "cyan",
		"aggression": 85,
		"morale": 50,
		"melee_skill": 6,
		"melee_dice": 2,
		"melee_dice_sides": 4,
		"armor_bash": 7,
		"armor_cut": 5,
		"armor_stab": 5,
		"armor_acid": 9,
		"dodge": 3,
		"vision_day": 35,
		"vision_night": 10,
		"harvest": "human",
		"starting_ammo": { "22_lr" : 50, "22_cphp" : 50 },
		"//": "special_attacks: [ [ WIFE_U, 0 ], [ STRIP_U, 5 ], [ PARROT, 75 ], [ VULGAR_SPEECH, 25 ].... BONES tp HIT_AND_RUN, INTERIOR_AMM to KEENNOSE",
		"special_attacks": [
		[ "PARROT", 75 ],
			{
				"type": "gun",
				"cooldown": 7,
				"move_cost": 200,
				"targeting_cost": 100,
				"gun_type": "rifle_22",
				"ammo_type": "22_lr",
				"max_ammo" : 22,
				"fake_skills": [ [ "gun", 1 ], [ "rifle", 1 ] ],
				"fake_dex": 6,
				"fake_per": 5,
				"require_targeting_player": true,
				"targeting_sound": "\"Die, asshole!\"",
				"targeting_volume": 10,
				"description": "Bang!",
				"no_ammo_sound": "\"Out of ammo! OUT OF AMMO?! God fuckin' dammit!\"",
				"ranges": [ [ 0, 13, "DEFAULT" ] ]
			},
    {
        "type": "spell",
        "spell_data": { "id": "incus_wifeu_camale" },
        "cooldown": 12,
        "monster_message": "The cambion leered lustfully at %3$s, before rushing at them with eyes full of rapine intent!"
    }
		],
		"death_drops": "default_cambion_male_death_drops",
		"death_function": [ "NORMAL" ],
		"flags": [ "SEES", "HEARS", "SMELLS", "PATH_AVOID_DANGER_2", "WARM", "GRABS", "PUSH_MON", "BASHES", "GROUP_BASH", "CLIMBS", "HUMAN", "HIT_AND_RUN", "PRIORITIZE_TARGETS", "KEENNOSE" ]
	},
	{
		"id": "mon_cambion_female",
		"type": "MONSTER",
		"copy-from": "mon_cambion_male",
		"volume": "60000 ml",
		"weight": "55794 g",
		"name": { "str": "cambion", "str_pl": "cambions" },
		"description": "An abominable demonic offspring of a human and a Demon.  Equipped with improvised armor and weaponry they gathered from somewhere just like you, they march through this hell of an earth.",
		"categories": [ "CLASSIC" ],
		"species": [ "FIEND", "FEMALE" ],
		"color": "pink",
		"looks_like": "mon_corrupted_schoolteacher_female",
		"special_attacks": [
		[ "PARROT", 75 ],
			{
				"type": "gun",
				"cooldown": 7,
				"move_cost": 200,
				"targeting_cost": 100,
				"gun_type": "rifle_22",
				"ammo_type": "22_lr",
				"max_ammo" : 22,
				"fake_skills": [ [ "gun", 1 ], [ "rifle", 1 ] ],
				"fake_dex": 6,
				"fake_per": 5,
				"require_targeting_player": true,
				"targeting_sound": "\"Die, asshole!\"",
				"targeting_volume": 10,
				"description": "Bang!",
				"no_ammo_sound": "\"Out of ammo! OUT OF AMMO?! God fuckin' dammit!\"",
				"ranges": [ [ 0, 13, "DEFAULT" ] ]
			},
        {
        "type": "spell",
        "spell_data": { "id": "succs_wifeu_camale" },
        "cooldown": 12,
        "monster_message": "The cambion leered lustfully at %3$s, before rushing at them with eyes full of rapine intent!!"
      }
		],
		"death_drops": "default_cambion_female_death_drops"
	},
	{
		"id": "mon_lessor_cubi_base",
		"type": "MONSTER",
		"name": { "str": "lescubibase", "str_pl": "lescubibase" },
		"description": "lessor_cubiテンプレート",
		"default_faction": "cubi",
		"categories": [ "CLASSIC" ],
		"species": [ "CUBI", "NETHER" ],
		"diff": 3,
		"volume": "30000 ml",
		"weight": "40750 g",
		"hp": 30,
		"speed": 85,
		"material": [ "flesh" ],
		"symbol": "d",
		"color": "pink",
		"aggression": 85,
		"morale": 50,
		"melee_skill": 2,
		"melee_dice": 1,
		"melee_dice_sides": 2,
		"dodge": 3,
		"vision_day": 30,
		"vision_night": 20,
		"harvest": "human",
		"//": "special_attacks: [ [ WIFE_U, 0 ], [ SEDUCE, 3 ], [ STRIP_U, 5 ] ]",
		"death_function": [ "NORMAL" ],
		"flags": [ "SEES", "HEARS", "SMELLS", "PATH_AVOID_DANGER_1", "WARM", "GRABS", "PUSH_MON", "BASHES", "CLIMBS", "GROUP_MORALE", "GUILT", "HUMAN", "HIT_AND_RUN", "PRIORITIZE_TARGETS" ]
	},
	{
		"id": "mon_cubi_base",
		"type": "MONSTER",
		"name": { "str": "cubibase", "str_pl": "cubibase" },
		"description": "cubiテンプレート",
		"default_faction": "cubi",
		"categories": [ "CLASSIC" ],
		"species": [ "CUBI", "NETHER" ],
		"diff": 5,
		"volume": "60000 ml",
		"weight": "53138 g",
		"hp": 70,
		"speed": 95,
		"material": [ "flesh" ],
		"symbol": "d",
		"color": "pink",
		"aggression": 95,
		"morale": 80,
		"melee_skill": 3,
		"melee_dice": 1,
		"melee_dice_sides": 3,
		"armor_bash": 2,
		"armor_cut": 1,
		"armor_stab": 1,
		"dodge": 2,
		"vision_day": 30,
		"vision_night": 30,
		"harvest": "human",
		"//": "special_attacks: [ [ WIFE_U, 0 ], [ SEDUCE, 2 ], [ STRIP_U, 3 ], [ THROW_KISS, 10 ] ]",
		"death_function": [ "NORMAL" ],
		"flags": [ "SEES", "HEARS", "SMELLS", "PATH_AVOID_DANGER_1", "GRABS", "WARM", "PUSH_MON", "FLIES", "GROUP_MORALE", "HUMAN", "HIT_AND_RUN", "PRIORITIZE_TARGETS" ]
	},
	{
		"id": "mon_lessor_demonbase",
		"type": "MONSTER",
		"looks_like": "mon_zombie_living_wall",
		"name": { "str": "demonic vessel", "str_pl": "demonic vessels" },
		"description": "A lump of flesh, empty from anything resembling consciousness, but aware enough to screech and shout.  It somewhat resembles the shape of a human fetus.",
		"default_faction": "cubi",
		"categories": [ "CLASSIC" ],
		"species": [ "CUBI", "NETHER" ],
		"diff": 1,
		"volume": "15000 ml",
		"weight": "19750 g",
		"hp": 10,
		"speed": 15,
		"material": [ "flesh" ],
		"symbol": "*",
		"color": "pink",
		"aggression": 85,
		"morale": 50,
		"melee_skill": 1,
		"melee_dice": 1,
		"melee_dice_sides": 2,
		"dodge": 1,
		"vision_day": 20,
		"vision_night": 8,
		"special_attacks": [ [ "SHRIEK", 90 ] ],
		"upgrades": { "half_life": 5, "into_group": "GROUP_DEMONBABY_UPGRADE" }
	},
	{
		"id": "mon_ded_lessor_demonbase",
		"type": "MONSTER",
		"copy-from": "mon_lessor_demonbase",
		"looks_like": "mon_zombie_living_wall",
		"name": { "str": "sickly demonic vessel", "str_pl": "sickly demonic vessels" },
		"default_faction": "cubi",
		"color": "pink",
		"special_attacks": [ [ "SUICIDE", 10 ] ]
	},
	{
		"id": "mon_lessor_succubi",
		"type": "MONSTER",
		"copy-from": "mon_lessor_cubi_base",
		"name": { "str": "lesser succubus", "str_pl": "lesser succubi" },
		"description": "A demon who seeks to corrupt men through sexual activity, a succubus.  Among them, those who belong to lesser ranks look just like little girls, however their eyes are certainly clouded with an incredible lust for flesh.",
		"default_faction": "cubi",
		"categories": [ "CLASSIC" ],
		"species": [ "CUBI", "NETHER", "FEMALE" ],
		"special_attacks": [
        [ "LUNGE", 30 ],
        {
        "type": "spell",
        "spell_data": { "id": "lesuccs_wifeu" },
        "cooldown": 12,
        "monster_message": "%1$s leered lustfully at %3$s before rushing at them with eyes full of rapine intent!!"
        }
        ],
		"color": "pink",
		"death_drops": "default_succubi_death_drops",
		"upgrades": { "half_life": 7, "into": "mon_succubi" }
	},
	{
		"id": "mon_succubi",
		"type": "MONSTER",
		"copy-from": "mon_cubi_base",
		"name": { "str": "succubus", "str_pl": "succubi" },
		"description": "A demon who seeks to corrupt men through sexual activity, a succubus.  Although it is said that they absorb men's life force via lewd dreams, in this world they seem to be confident enough to roam around freely.",
		"categories": [ "CLASSIC" ],
		"species": [ "CUBI", "NETHER", "FEMALE" ],
		"special_attacks": [
        [ "LUNGE", 80 ],
        {
        "type": "spell",
        "spell_data": { "id": "succs_wifeu" },
        "cooldown": 12,
        "monster_message": "%1$s leered lustfully at %3$s before rushing at them with eyes full of rapine intent!!"
        }
            ],
		"volume": "60000 ml",
		"weight": "53138 g",
		"color": "pink",
		"death_drops": "default_succubi_death_drops",
		"upgrades": { "half_life": 14, "into_group": "GROUP_SUCCUBI_UPGRADE" }
	},
	{
		"id": "mon_succubi_sadist",
		"type": "MONSTER",
		"name": { "str": "domcubus", "str_pl": "domcubi" },
		"description": "A demon who seeks to corrupt men through sexual activity, a succubus.  However this one is equipped with a whip and grins sadistically as she turns towards you.",
		"default_faction": "cubi",
		"categories": [ "CLASSIC" ],
		"species": [ "CUBI", "NETHER", "FEMALE" ],
		"diff": 16,
		"volume": "60000 ml",
		"weight": "53138 g",
		"hp": 120,
		"speed": 110,
		"material": [ "flesh" ],
		"symbol": "d",
		"color": "brown_red",
		"aggression": 95,
		"morale": 90,
		"melee_skill": 5,
		"melee_dice": 3,
		"melee_dice_sides": 4,
		"melee_cut": 3,
		"armor_bash": 7,
		"armor_cut": 5,
		"armor_stab": 5,
		"armor_acid": 9,
		"attack_effs": [
			{ "id": "corrupt_demoneff", "duration": 25 }
		],
		"dodge": 4,
		"vision_day": 30,
		"vision_night": 30,
		"harvest": "human",
		"//": "special_attacks: [ [ WIFE_U, 0 ], [ STRIP_U, 10 ], [ TAZER, 20 ] ]",
		"special_attacks": [ [ "TAZER", 20 ],
			{
				"type": "gun",
				"cooldown": 5,
				"move_cost": 100,
				"gun_type": "fake_whip",
				"fake_skills": [ [ "gun", 8 ], [ "rifle", 8 ] ],
				"fake_dex": 8,
				"fake_per": 8,
				"require_targeting_player": false,
				"description": "%1$s cracks a whip!",
				"ranges": [ [ 1, 3, "DEFAULT" ] ]
			},
        [ "LUNGE", 80 ],
        {
        "type": "spell",
        "spell_data": { "id": "sade_succs_wifeu" },
        "cooldown": 12,
        "monster_message": "%1$s leered lustfully at %3$s before rushing at them with eyes full of rapine intent!!"
        }
		],
		"death_drops": "succubi_sadist_death_drops",
		"regen_morale": true,
		"death_function": [ "NORMAL" ],
		"flags": [ "SEES", "HEARS", "SMELLS", "PATH_AVOID_DANGER_1", "GRABS", "WARM", "PUSH_MON", "FLIES", "FIREPROOF", "GROUP_MORALE", "HUMAN", "HIT_AND_RUN", "PRIORITIZE_TARGETS" ]
	},
	{
		"id": "mon_succubi_somnophilia",
		"type": "MONSTER",
		"name": { "str": "somnocubus", "str_pl": "somnocubi" },
		"description": "A demon who seeks to corrupt men through sexual activity, a succubus.  Although it is said that they absorb men's life force via lewd dreams, it appears that this one prefers that kind of situation the most.",
		"default_faction": "cubi",
		"categories": [ "CLASSIC" ],
		"species": [ "CUBI", "NETHER", "FEMALE" ],
		"diff": 16,
		"volume": "60000 ml",
		"weight": "53138 g",
		"hp": 100,
		"speed": 100,
		"material": [ "flesh" ],
		"symbol": "d",
		"color": "blue_red",
		"aggression": 95,
		"morale": 80,
		"melee_skill": 4,
		"melee_dice": 0,
		"melee_dice_sides": 1,
		"armor_bash": 5,
		"armor_cut": 3,
		"armor_stab": 3,
		"armor_acid": 5,
		"dodge": 2,
		"vision_day": 30,
		"vision_night": 40,
		"harvest": "human",
		"attack_effs": [ { "id": "magic_sleep_demoneff", "duration": 50, "chance": 30 } ],
		"special_attacks": [
        [ "LUNGE", 80 ],
        {
        "type": "spell",
        "spell_data": { "id": "sleep_succs_wifeu" },
        "cooldown": 12,
        "monster_message": "%1$s leered lustfully at %3$s before rushing at them with eyes full of rapine intent!!"
        }
		],
		"regen_morale": true,
		"//": "special_attacks: [ [ SEDUCE, 7 ], [ MAGIC_SUCCUBI_SOMNO, 3 ], [ STRIP_U, 7 ], [ WIFE_U, 0 ] ], 魔法職。近接攻撃は一切行わず眠らせることに特化。ソムノフィリア：眠っていたり意識の無い状態の相手との行為を好む。",
		"death_drops": "arch_succubi_death_drops",
		"death_function": [ "NORMAL" ],
		"flags": [ "SEES", "HEARS", "SMELLS", "PATH_AVOID_DANGER_1", "WARM", "PUSH_MON", "FLIES", "FIREPROOF", "GROUP_MORALE", "HUMAN", "HIT_AND_RUN", "PRIORITIZE_TARGETS" ]
	},
	{
		"id": "mon_succubi_exhibitionism",
		"type": "MONSTER",
		"name": { "str": "nude succubus", "str_pl": "nude succubi" },
		"description": "A demon who seeks to corrupt men through sexual activity, a succubus.  Although it is said that they absorb men's life force via lewd dreams, it appears that this one likes to make a show of her own body instead.",
		"default_faction": "cubi",
		"categories": [ "CLASSIC" ],
		"species": [ "CUBI", "NETHER", "FEMALE" ],
		"diff": 16,
		"volume": "60000 ml",
		"weight": "50481 g",
		"hp": 100,
		"speed": 100,
		"material": [ "flesh" ],
		"symbol": "d",
		"color": "white_red",
		"aggression": 95,
		"morale": 80,
		"melee_skill": 4,
		"melee_dice": 2,
		"melee_dice_sides": 6,
		"dodge": 3,
		"vision_day": 30,
		"vision_night": 30,
		"harvest": "human",  
		"regen_morale": true,
		"//" : "エキシビショニズム：露出。special_attacks: [ [ SEDUCE, 5 ], [ EXPOSE, 30 ], [ WIFE_U, 0 ] ]",
		"special_attacks": [
        [ "LUNGE", 70 ],
        {
        "type": "spell",
        "spell_data": { "id": "naked_succs_wifeu" },
        "cooldown": 12,
        "monster_message": "%1$s leered lustfully at %3$s before rushing at them with eyes full of rapine intent!!"
        }
		],
		"death_drops": "arch_succubi_death_drops",
		"death_function": [ "NORMAL" ],
		"flags": [ "SEES", "HEARS", "SMELLS", "PATH_AVOID_DANGER_1", "GRABS", "WARM", "PUSH_MON", "FLIES", "FIREPROOF", "GROUP_MORALE", "HUMAN", "HIT_AND_RUN", "PRIORITIZE_TARGETS" ]
	},
	{
		"id": "mon_succubi_lactophilia",
		"type": "MONSTER",
		"name": { "str": "lactating succubus", "str_pl": "lactating succubi" },
		"description": "A demon who seeks to corrupt men through sexual activity, a succubus.  Her breasts are spectacularly massive even for a succubus, and the tip always seems to drip with her own milk.",
		"default_faction": "cubi",
		"categories": [ "CLASSIC" ],
		"species": [ "CUBI", "NETHER", "FEMALE" ],
		"diff": 5,
		"volume": "60000 ml",
		"weight": "58451 g",
		"hp": 100,
		"speed": 95,
		"material": [ "flesh" ],
		"symbol": "d",
		"color": "pink_white",
		"aggression": 50,
		"morale": 80,
		"melee_skill": 3,
		"melee_dice": 1,
		"melee_dice_sides": 3,
		"armor_bash": 8,
		"armor_cut": 1,
		"armor_stab": 1,
		"dodge": 2,
		"starting_ammo": { "milk": 8 },
		"vision_day": 30,
		"vision_night": 30,
		"harvest": "human",
		"//": "special_attacks: [ [ WIFE_U, 0 ], [ SEDUCE, 2 ], [ STRIP_U, 3 ], [ THROW_KISS, 7 ] ]",
		"special_attacks": [
        [ "LUNGE", 80 ],
        {
        "type": "spell",
        "spell_data": { "id": "lact_succs_wifeu" },
        "cooldown": 12,
        "monster_message": "%1$s leered lustfully at %3$s before rushing at them with eyes full of rapine intent!!"
        }
		],
		"death_drops": "arch_succubi_death_drops",
		"death_function": [ "NORMAL" ],
		"regen_morale": true,
		"flags": [ "SEES", "HEARS", "SMELLS", "PATH_AVOID_DANGER_1", "GRABS", "WARM", "PUSH_MON", "FLIES", "FIREPROOF", "GROUP_MORALE", "HUMAN", "HIT_AND_RUN", "MILKABLE", "PRIORITIZE_TARGETS" ]
	},
	{
		"id": "mon_greater_succubi",
		"type": "MONSTER",
		"name": { "str": "greater succubus", "str_pl": "greater succubi" },
		"description": "A demon who seeks to corrupt men through sexual activity, a succubus.  Among them, this one seems to be on a whole new level and must belong to higher ranks with her tremendous magic power and body so alluring, it inadvertently causes anyone to fall in love at first sight.  But you must not be fooled by her obscene looks!  Letting your guard down even for a second would be enough for her to steal both your body and soul in an instant.",
		"default_faction": "cubi",
		"categories": [ "CLASSIC" ],
		"species": [ "CUBI", "NETHER", "FEMALE" ],
		"diff": 50,
		"volume": "60000 ml",
		"weight": "53138 g",
		"hp": 240,
		"speed": 110,
		"material": [ "flesh" ],
		"symbol": "D",
		"color": "red",
		"aggression": 90,
		"morale": 100,
		"melee_skill": 6,
		"melee_dice": 2,
		"melee_dice_sides": 8,
		"dodge": 2,
		"starting_ammo": { "milk": 2 },
		"vision_day": 30,
		"vision_night": 40,
		"harvest": "human",
		"//": "special_attacks: [ [ SEDUCE, 5 ], [ STRIP_U, 2 ], [ WIFE_U, 0 ], [ LOVE_FLAME, 40 ], [ UPGRADE, 20 ] ]",
		"special_attacks": [
        [ "UPGRADE", 20 ],
        [ "LUNGE", 50 ],
        {
        "type": "spell",
        "spell_data": { "id": "gsuccs_wifeu" },
        "cooldown": 12,
        "monster_message": "%1$s leered lustfully at %3$s before rushing at them with eyes full of rapine intent!!"
        }
		],
		"regen_morale": true,
		"regenerates_in_dark": true,
		"death_drops": "greater_succubi_death_drops",
		"death_function": [ "NORMAL" ],
		"flags": [ "SEES", "HEARS", "SMELLS", "PATH_AVOID_DANGER_2", "GRABS", "WARM", "NIGHT_INVISIBILITY", "PUSH_MON", "FLIES", "FIREPROOF", "HUMAN", "HIT_AND_RUN", "MILKABLE", "PRIORITIZE_TARGETS" ]
	},
	{
		"id": "mon_lessor_incubi",
		"type": "MONSTER",
		"copy-from": "mon_lessor_cubi_base",
		"name": { "str": "lesser incubus", "str_pl": "lesser incubi" },
		"description": "A demon who seeks to corrupt women through sexual activity, an incubus.  Among them, those who belong to lesser ranks look just like little boys, however their eyes are certainly clouded with an incredible lust for flesh.",
		"categories": [ "CLASSIC" ],
		"species": [ "CUBI", "NETHER", "MALE" ],
		"color": "cyan",
		"special_attacks": [
        [ "LUNGE", 30 ],
        {
        "type": "spell",
        "spell_data": { "id": "leincus_wifeu" },
        "cooldown": 12,
        "monster_message": "%1$s leered lustfully at %3$s before rushing at them with eyes full of rapine intent!!"
        }
            ],
		"death_drops": "default_incubi_death_drops",
		"upgrades": { "half_life": 7, "into": "mon_incubi" }
	},
	{
		"id": "mon_incubi",
		"type": "MONSTER",
		"copy-from": "mon_cubi_base",
		"name": { "str": "incubus", "str_pl": "incubi" },
		"description": "A demon who seeks to corrupt women through sexual activity, an incubus.  Although it is said that they take form of a handsome young man and use it sometimes to seduce others in lewd dreams, in this world they seem to be confident enough to roam around freely.",
		"categories": [ "CLASSIC" ],
		"species": [ "CUBI", "NETHER", "MALE" ],
		"volume": "62500 ml",
		"weight": "66536 g",
		"color": "cyan",
		"special_attacks": [
        [ "LUNGE", 80 ],
        {
        "type": "spell",
        "spell_data": { "id": "incus_wifeu" },
        "cooldown": 12,
        "monster_message": "%1$s leered lustfully at %3$s before rushing at them with eyes full of rapine intent!!"
        }
            ],
		"death_drops": "default_incubi_death_drops",
		"upgrades": { "half_life": 14, "into_group": "GROUP_INCUBI_UPGRADE" }
	},
	{
		"id": "mon_incubi_sthenolagnia",
		"type": "MONSTER",
		"name": { "str": "fitcubus", "str_pl": "fitcubi" },
		"looks_like": "mon_homunculus",
		"description": "A demon who seeks to corrupt women through sexual activity, an incubus.  Among them, this one seems to be obsessed with his own physical beauty and especially muscles, and his body clearly shows that.",
		"default_faction": "cubi",
		"categories": [ "CLASSIC" ],
		"species": [ "CUBI", "NETHER", "MALE" ],
		"diff": 16,
		"volume": "62500 ml",
		"weight": "66536 g",
		"hp": 140,
		"speed": 110,
		"material": [ "flesh" ],
		"symbol": "d",
		"color": "blue_yellow",
		"aggression": 95,
		"morale": 90,
		"melee_skill": 5,
		"melee_dice": 3,
		"melee_dice_sides": 6,
		"armor_bash": 7,
		"armor_cut": 5,
		"armor_stab": 5,
		"armor_acid": 9,
		"dodge": 4,
		"vision_day": 30,
		"vision_night": 30,
		"harvest": "human",
		"//": "[ [ SEDUCE, 5 ], [ STRIP_U, 3 ], [ FLESH_GOLEM, 15 ], [ GRAB_DRAG, 10 ], [ WIFE_U, 0 ] ]",
		"special_attacks": [
		[ "FLESH_GOLEM", 15 ], 
		[ "GRAB_DRAG", 10 ],
        [ "LUNGE", 65 ],
        {
        "type": "spell",
        "spell_data": { "id": "fit_incus_wifeu" },
        "cooldown": 12,
        "monster_message": "%1$s leered lustfully at %3$s before rushing at them with eyes full of rapine intent!!"
        }
		],
		"regen_morale": true,
		"death_drops": "arch_incubi_death_drops",
		"death_function": [ "NORMAL" ],
		"flags": [ "SEES", "HEARS", "SMELLS", "PATH_AVOID_DANGER_1", "LOUDMOVES", "GRABS", "WARM", "PUSH_MON", "FLIES", "BASHES", "DESTROYS", "FIREPROOF", "GROUP_MORALE", "HUMAN", "HIT_AND_RUN", "PRIORITIZE_TARGETS" ]
	},
	{
		"id": "mon_incubi_phalloplas",
		"type": "MONSTER",
		"name": { "str": "menacing incubus", "str_pl": "menacing incubi" },
		"description": "A demon who seeks to corrupt women through sexual activity, an incubus.  Among them, this one... um, let's just say he's extremely fanatical when it comes to developing his certain body part.  In his eyes, mankind's CBM technology would be just another toy for him to play with.",
		"default_faction": "cubi",
		"categories": [ "CLASSIC" ],
		"species": [ "CUBI", "NETHER", "MALE" ],
		"diff": 16,
		"volume": "62500 ml",
		"weight": "69704 g",
		"hp": 100,
		"speed": 100,
		"material": [ "flesh" ],
		"symbol": "d",
		"color": "blue_green",
		"aggression": 95,
		"morale": 80,
		"melee_skill": 3,
		"melee_dice": 2,
		"melee_dice_sides": 4,
		"dodge": 2,
		"vision_day": 30,
		"vision_night": 30,
		"harvest": "mon_broken_cyborg",
		"starting_ammo": { "d_cum" : 20 },
		"//": "[ [ SEDUCE, 5 ], [ THROW_KISS, 15 ], [ STRIP_U, 7 ], [ WIFE_U, 0 ] ]  cbm_civ to bleed",
		"special_attacks": [ 
		[ "TAZER", 10 ],
		[ "LUNGE", 80 ],
      {
        "type": "gun",
        "cooldown": 20,
        "move_cost": 500,
        "gun_type": "coomgun_phallo",
        "fake_skills": [ [ "gun", 0 ], [ "launcher", 2 ] ],
        "fake_dex": 8,
        "ranges": [ [ 5, 25, "DEFAULT" ] ],
        "require_targeting_npc": true,
        "require_targeting_monster": true,
        "laser_lock": true,
        "targeting_cost": 50,
		"targeting_sound": "\"Hnggg... cum, cum, CUM!\"",
        "targeting_volume": 8,
        "description": "Kablooey!"
      },
        {
        "type": "spell",
        "spell_data": { "id": "cbm_incus_wifeu" },
        "cooldown": 12,
        "monster_message": "%1$s leered lustfully at %3$s before rushing at them with eyes full of rapine intent!!"
        }
        ],
		"regen_morale": true,
		"death_drops": "arch_incubi_death_drops",
		"death_function": [ "NORMAL" ],
		"flags": [ "SEES", "HEARS", "SMELLS", "PATH_AVOID_DANGER_1", "GRABS", "WARM", "PUSH_MON", "FLIES", "FIREPROOF", "GROUP_MORALE", "HUMAN", "HIT_AND_RUN", "ELECTRIC", "ELECTRONIC", "BLEED", "MILKABLE", "KEENNOSE", "PRIORITIZE_TARGETS" ]
	},
	{
		"id": "mon_incubi_hoplophilia",
		"type": "MONSTER",
		"name": { "str": "murderous incubus", "str_pl": "murderous incubi" },
		"description": "A demon who seeks to corrupt women through sexual activity, an incubus.  However this one got himself an antique flintlock rifle and seems to not hesitate to use it against anyone and anybody with a strangely intoxicated expression.",
		"default_faction": "cubi",
		"categories": [ "CLASSIC" ],
		"species": [ "CUBI", "NETHER", "MALE" ],
		"diff": 32,
		"volume": "62500 ml",
		"weight": "66536 g",
		"hp": 120,
		"speed": 100,
		"material": [ "flesh" ],
		"symbol": "d",
		"color": "blue_white",
		"aggression": 95,
		"morale": 90,
		"melee_skill": 5,
		"melee_dice": 2,
		"melee_dice_sides": 4,
		"armor_bash": 2,
		"armor_cut": 1,
		"armor_stab": 1,
		"dodge": 3,
		"vision_day": 30,
		"vision_night": 30,
		"harvest": "human",
		"starting_ammo": { "flintlock_ammo" : 24, "flintlock_ammo_magic" : 6 },
		"//": "[ [ WIFE_U, 0 ], [ SEDUCE, 2 ], [ STRIP_U, 3 ], [ THROW_KISS, 10 ] ]",
		"special_attacks": [ 
		[ "BIO_OP_TAKEDOWN", 30 ],
        [ "LUNGE", 80 ],
			{
				"type": "gun",
				"cooldown": 5,
				"move_cost": 1200,
				"targeting_cost": 250,
				"gun_type": "rifle_flintlock",
				"ammo_type": "flintlock_ammo_magic",
				"max_ammo" : 6,
				"fake_skills": [ [ "gun", 4 ], [ "rifle", 4 ] ],
				"fake_dex": 8,
				"fake_per": 12,
				"require_targeting_player": true,
				"targeting_sound": "\"Sechse treffen, sieben...\"",
				"targeting_volume": 30,
				"description": "Blam!",
				"no_ammo_sound": "Click!",
				"ranges": [ [ 2, 12, "DEFAULT" ] ]
			},
			{
				"type": "gun",
				"cooldown": 2,
				"move_cost": 1200,
				"targeting_cost": 250,
				"gun_type": "rifle_flintlock",
				"ammo_type": "flintlock_ammo",
				"max_ammo" : 24,
				"fake_skills": [ [ "gun", 2 ], [ "rifle", 2 ] ],
				"fake_dex": 6,
				"fake_per": 8,
				"require_targeting_player": true,
				"targeting_sound": "\"Schiess in schellobers Namen! Ha, ha!\"",
				"targeting_volume": 40,
				"description": "Blam!",
				"no_ammo_sound": "Click!",
				"ranges": [ [ 2, 12, "DEFAULT" ] ]
			},
        {
        "type": "spell",
        "spell_data": { "id": "gun_incus_wifeu" },
        "cooldown": 12,
        "monster_message": "%1$s leered lustfully at %3$s before rushing at them with eyes full of lust and malice!!"
        }
		],
		"regen_morale": true,
		"death_drops": "incubi_hoplophilia_death_drops",
		"death_function": [ "NORMAL" ],
		"flags": [ "SEES", "HEARS", "SMELLS", "PATH_AVOID_DANGER_1", "GRABS", "WARM", "PUSH_MON", "FLIES", "FIREPROOF", "GROUP_MORALE", "HUMAN", "HIT_AND_RUN", "KEENNOSE", "PRIORITIZE_TARGETS" ]
	},
	{
		"id": "mon_greater_incubi",
		"type": "MONSTER",
		"copy-from": "mon_greater_succubi",
		"name": { "str": "greater incubus", "str_pl": "greater incubi" },
		"description": "A demon who seeks to corrupt women through sexual activity, an incubus.  Among them, this one seems to be on a whole new level and must belong to higher ranks with his tremendous magic power and body so alluring, it inadvertently causes anyone to fall in love at first sight.  But you must not be fooled by his obscene looks!  Letting your guard down even for a second would be enough for him to steal both your body and soul in an instant.",
		"categories": [ "CLASSIC" ],
		"species": [ "CUBI", "NETHER", "MALE" ],
		"volume": "62500 ml",
		"weight": "66536 g",
		"color": "blue",
		"special_attacks": [
        [ "UPGRADE", 20 ],
        [ "LUNGE", 50 ],
        {
        "type": "spell",
        "spell_data": { "id": "gincus_wifeu" },
        "cooldown": 12,
        "monster_message": "%1$s leered lustfully at %3$s before rushing at them with eyes full of rapine intent!!"
        }
		],
		"death_drops": "greater_incubi_death_drops"
	},
	{
		"id": "mon_corrupted_schoolgirl",
		"type": "MONSTER",
		"copy-from": "mon_cubi_base",
		"name": { "str": "corrupted schoolgirl", "str_pl": "corrupted schoolgirls" },
		"description": "A wretched shadow of what could have been a survivor, poor innocent girl whose body and soul were stolen by Demons as she got engulfed by the devilish temptation.  Any traces of her humanity are long gone at this point, as she's driven solely by her carnal desires.",
		"categories": [ "CLASSIC" ],
		"species": [ "CUBI", "FEMALE" ],
		"volume": "50000 ml",
		"weight": "49928 g",
		"symbol": "@",
		"color": "pink",
		"//": "[ [ WIFE_U, 0 ], [ SEDUCE, 3 ], [ STRIP_U, 0 ] ]",
		"special_attacks": [
        [ "SHRIEK", 30 ],
        {
        "type": "spell",
        "spell_data": { "id": "ls_succs_wifeu" },
        "cooldown": 18,
        "monster_message": "%1$s leered lustfully at %3$s before rushing at them with eyes full of rapine intent!!"
        }
            ],
		"flags": [ "SEES", "HEARS", "SMELLS", "PATH_AVOID_DANGER_1", "WARM", "GRABS", "PUSH_MON", "BASHES", "CLIMBS", "GROUP_MORALE", "HUMAN", "HIT_AND_RUN", "PRIORITIZE_TARGETS" ],
		"death_drops": "corrupted_schoolgirl_death_drops",
		"upgrades": { "half_life": 14, "into_group": "GROUP_SUCCUBI_UPGRADE" }
	},
	{
		"id": "mon_corrupted_schoolteacher_female",
		"type": "MONSTER",
		"copy-from": "mon_cubi_base",
		"name": { "str": "corrupted female teacher", "str_pl": "corrupted female teachers" },
		"description": "A wretched shadow of what could have been a survivor, both her body and soul yielded to the demonic influence as she got engulfed by the devilish temptation.  Any traces of her humanity are long gone at this point, as she's driven solely by her carnal desires.",
		"categories": [ "CLASSIC" ],
		"species": [ "CUBI", "FEMALE" ],
		"volume": "60000 ml",
		"weight": "55794 g",
		"symbol": "@",
		"color": "pink",
		"//": "[ [ WIFE_U, 0 ], [ SEDUCE, 1 ], [ STRIP_U, 1 ], [ THROW_KISS, 8 ] ]",
		"special_attacks": [
        [ "SHRIEK", 40 ],
        [ "LUNGE", 90 ],
        {
        "type": "spell",
        "spell_data": { "id": "ssuccs_wifeu" },
        "cooldown": 22,
        "monster_message": "%1$s leered lustfully at %3$s before rushing at them with eyes full of rapine intent!!"
        }
            ],
		"flags": [ "SEES", "HEARS", "SMELLS", "PATH_AVOID_DANGER_1", "WARM", "GRABS", "PUSH_MON", "BASHES", "CLIMBS", "GROUP_MORALE", "HUMAN", "HIT_AND_RUN", "PRIORITIZE_TARGETS" ],
		"death_drops": "corrupted_schoolteacher_female_death_drops",
		"upgrades": { "half_life": 14, "into_group": "GROUP_SUCCUBI_UPGRADE" }
	},
	{
		"id": "mon_corrupted_schoolboy",
		"type": "MONSTER",
		"copy-from": "mon_cubi_base",
		"looks_like": "mon_lessor_incubi",
		"name": { "str": "corrupted schoolboy", "str_pl": "corrupted schoolboys" },
		"description": "A wretched shadow of what could have been a survivor, poor innocent boy whose body and soul were stolen by Demons as he got engulfed by the devilish temptation.  Any traces of his humanity are long gone at this point, as he's driven solely by his carnal desires.",
		"categories": [ "CLASSIC" ],
		"species": [ "CUBI", "MALE" ],
		"volume": "55000 ml",
		"weight": "62850 g",
		"symbol": "@",
		"color": "cyan",
		"//": "[ [ WIFE_U, 0 ], [ SEDUCE, 3 ], [ STRIP_U, 0 ] ]",
		"special_attacks": [
        [ "SHRIEK", 30 ],
        {
        "type": "spell",
        "spell_data": { "id": "ls_incus_wifeu" },
        "cooldown": 18,
        "monster_message": "%1$s leered lustfully at %3$s before rushing at them with eyes full of rapine intent!!"
        }
            ],
		"flags": [ "SEES", "HEARS", "SMELLS", "PATH_AVOID_DANGER_1", "WARM", "GRABS", "PUSH_MON", "BASHES", "CLIMBS", "GROUP_MORALE", "HUMAN", "HIT_AND_RUN", "PRIORITIZE_TARGETS" ],
		"death_drops": "corrupted_schoolboy_death_drops",
		"upgrades": { "half_life": 14, "into_group": "GROUP_INCUBI_UPGRADE" }
	},
	{
		"id": "mon_corrupted_schoolteacher_male",
		"type": "MONSTER",
		"copy-from": "mon_cubi_base",
		"looks_like": "mon_feral_prepper",
		"name": { "str": "corrupted teacher", "str_pl": "corrupted teachers" },
		"description": "A wretched shadow of what could have been a survivor, both his body and soul yielded to the demonic influence as he got engulfed by the devilish temptation.  Any traces of his humanity are long gone at this point, as he's driven solely by his carnal desires.",
		"categories": [ "CLASSIC" ],
		"species": [ "CUBI", "MALE" ],
		"volume": "62500 ml",
		"weight": "66536 g",
		"symbol": "@",
		"color": "cyan",
		"//": "[ [ WIFE_U, 0 ], [ SEDUCE, 1 ], [ STRIP_U, 1 ], [ THROW_KISS, 10 ] ]",
		"special_attacks": [
        [ "SHRIEK", 40 ],
        [ "LUNGE", 90 ],
        {
        "type": "spell",
        "spell_data": { "id": "sincus_wifeu" },
        "cooldown": 22,
        "monster_message": "%1$s leered lustfully at %3$s before rushing at them with eyes full of rapine intent!!"
        }
            ],
		"flags": [ "SEES", "HEARS", "SMELLS", "PATH_AVOID_DANGER_1", "WARM", "GRABS", "PUSH_MON", "BASHES", "CLIMBS", "GROUP_MORALE", "HUMAN", "HIT_AND_RUN", "PRIORITIZE_TARGETS" ],
		"death_drops": "corrupted_schoolteacher_male_death_drops",
		"upgrades": { "half_life": 14, "into_group": "GROUP_INCUBI_UPGRADE" }
	},
	{
		"id": "mon_goathead_demon",
		"type": "MONSTER",
		"looks_like": "mon_gozu",
		"name": { "str": "goathead demon", "str_pl": "goathead demon" },
		"description": "A Demon with a goat head and hermaphrodite body.  Infiltrating the mankind right before the Cataclysm and taking advantage of the occured chaos, it's the main mastermind behind the Sabbath that is taking the place right now.",
		"default_faction": "fiend",
		"categories": [ "CLASSIC" ],
		"species": [ "FIEND", "HERM" ],
		"diff": 50,
		"hp": 300,
		"speed": 115,
		"material": [ "flesh" ],
		"symbol": "♧",
		"color": "dark_gray_white",
		"aggression": 100,
		"morale": 100,
		"melee_skill": 4,
		"weight": "98500 g",
		"volume": "100000 ml",
		"melee_dice": 3,
		"melee_dice_sides": 4,
		"melee_cut": 8,
		"armor_bash": 14,
		"armor_cut": 12,
		"armor_stab": 8,
		"dodge": 3,
		"vision_night": 30,
		"harvest": "human",
		"reproduction": { "baby_monster": "mon_lessor_demonbase", "baby_count": 3, "baby_timer": 13 },
		"regenerates_in_dark": true,
		"//": "[ [ EVENT_GOATHEAD_DEMO, 1 ], [ MAGIC_GOATHEAD_DEMON, 5 ], [ FEAR_PARALYZE, 30 ] ]",
		"starting_ammo": { "bot_vlesser_demon": 3, "bot_plesser_demon": 3, "bot_incumid": 2, "bot_succumid": 2, "bot_witchcall": 1, "bot_conjucall": 1 },
		"special_attacks": [ 
		[ "FEAR_PARALYZE", 30 ],
		[ "GRENADIER_ELITE", 20 ],
		[ "LUNGE", 100 ],
        {
        "type": "spell",
        "spell_data": { "id": "herm_wifeu" },
        "cooldown": 18,
        "monster_message": "%1$s towered menacingly at %3$s, content to show their wicked desires before quickly grabbing at %3$s!!"
        }
		],
		"death_function": [ "NORMAL" ],
		"flags": [ "IMMOBILE", "BLEED", "SEES", "GOODHEARING", "SMELLS", "FIREPROOF", "ACIDPROOF", "GRABS", "WARM", "NOGIB", "PLASTIC" ],
		"death_drops": "goathead_demon_death_drops"
	},
	{
		"id": "mon_hentai_vinebeast",
		"type": "MONSTER",
		"copy-from": "mon_vinebeast",
		"name": { "str": "tentabeast", "str_pl": "tentabeasts" },
		"description": "A living crawling plant that transformed into something quite peculiar.  Its tubers drip with mucus as the countless amount of tentacles of all sizes, colors and shapes growing from it let out an uncanny slippery sound while moving about freely.  No doubt about it, this thing was made in Japan.",
		"default_faction": "triffid",
		"species": [ "PLANT", "HERM" ],
		"speed": 50,
		"material": [ "veggy" ],
		"color": "light_green",
		"//": "[ [ WIFE_U, 0 ], [ STRIP_U, 0 ], [ RANGED_PULL, 4 ], [ SPIT_SAP, 3 ], [ TENTACLE, 15 ] ]",
		"special_attacks": [
		    [ "RANGED_PULL", 4 ],
		    [ "SPIT_SAP", 3 ],
		    [ "TENTACLE", 15 ],
        {
        "type": "spell",
        "spell_data": { "id": "tenta_wifeu" },
        "cooldown": 18,
        "monster_message": "%1$s towered menacingly at %3$s, content to show their wicked desires before it quickly lash and grab at %3$s!!"
        }
		    ]
	},
	{
		"//": "↓ここからは未実装のモンスター。↓",
		"id": "mon_dark_witch",
		"type": "MONSTER",
		"name": { "str": "dark witch", "str_pl": "dark witches" },
		"looks_like": "mon_feral_fancy_rapier",
		"description": "An evil witch who worships wicked Demons.  Although she is donning modern black dress instead of the traditional robes, her magical powers that have been passed down since the old days are still just as potent as ever.",
		"default_faction": "fiend",
		"categories": [ "CLASSIC" ],
		"species": [ "HORROR" ],
		"diff": 5,
		"volume": "60000 ml",
		"weight": "55794 g",
		"hp": 70,
		"speed": 95,
		"material": [ "flesh" ],
		"symbol": "@",
		"color": "dark_gray_white",
		"aggression": 95,
		"morale": 75,
		"melee_skill": 4,
		"melee_dice": 2,
		"melee_dice_sides": 4,
		"armor_bash": 2,
		"armor_cut": 1,
		"armor_stab": 1,
		"dodge": 2,
		"starting_ammo": { "bot_vlesser_demon": 3, "bot_plesser_demon": 3, "bot_incumid": 1 },
		"special_attacks": [
		[ "GRENADIER_ELITE", 25 ]
		],
		"harvest": "human",
		"death_function": [ "NORMAL" ],
		"death_drops": "dark_witch_death_drops",
		"flags": [ "SEES", "HEARS", "SMELLS", "PATH_AVOID_DANGER_2", "GRABS", "WARM", "PUSH_MON", "HUMAN", "HIT_AND_RUN" ]
	},
	{
		"id": "mon_dark_summoner",
		"type": "MONSTER",
		"looks_like": "mon_feral_fancy_crossbow",
		"name": { "str": "demon conjurer", "str_pl": "demon conjurers" },
		"description": "An evil conjurer who summons and controls Demons for his own wicked purposes.  Although he is donning modern black suit and armed with enchanted crossbow instead of the traditional robes and a staff, his mystical powers that have been passed down since the old days are still just as potent as ever.",
		"default_faction": "fiend",
		"categories": [ "CLASSIC" ],
		"species": [ "HORROR" ],
		"diff": 5,
		"starting_ammo": { "9mm": 5, "bot_vlesser_demon": 4, "bot_succumid": 1 },
		"special_attacks": [ 
		[ "GRENADIER_ELITE", 30 ],
    {
      "type": "gun",
      "cooldown": 10,
      "move_cost": 150,
      "gun_type": "m9",
      "ammo_type": "9mm",
      "fake_skills": [
        [
          "gun",
          1
        ],
        [
          "pistol",
          2
        ]
      ],
      "fake_dex": 8,
      "fake_per": 10,
      "ranges": [
        [
          0,
          14,
          "DEFAULT"
        ]
      ],
      "require_targeting_player": false,
      "description": "The conjurer fires their enchanted crossbow!",
      "no_crits": true
    }
  ],
		"volume": "62500 ml",
		"weight": "66536 g",
		"hp": 70,
		"speed": 95,
		"material": [ "flesh" ],
		"symbol": "@",
		"color": "dark_gray_white",
		"aggression": 95,
		"morale": 75,
		"melee_skill": 4,
		"melee_dice": 2,
		"melee_dice_sides": 4,
		"armor_bash": 2,
		"armor_cut": 1,
		"armor_stab": 1,
		"dodge": 2,
		"harvest": "human",
		"death_function": [ "NORMAL" ],
		"death_drops": "dark_summoner_death_drops",
		"flags": [ "SEES", "HEARS", "SMELLS", "PATH_AVOID_DANGER_2", "GRABS", "WARM", "PUSH_MON", "HUMAN", "HIT_AND_RUN" ]
	}
]
