[
  {
    "id": "lewdstrike_pain",
    "type": "SPELL",
    "name": { "str": "Painful assault" },
    "description": "Used arcana syst for pain dealing.",
    "sprite": "fd_fire",
    "valid_targets": [ "hostile" ],
    "message": "",
    "effect": "recover_energy",
    "effect_str": "PAIN",
        "min_range": 1,
    "max_range": 1,
    "flags": [ "RANDOM_DAMAGE", "SILENT" ],
    "min_damage": -18,
    "max_damage": -98
  },
    {
    "type": "SPELL",
    "id": "monspell_demon_stunlock",
    "name": { "str": "demon assault stun" },
    "description": "an attack that stuns the target for a few turns, might be gained in assault, and deffo stun for after succesful assault.",
    "valid_targets": [ "hostile" ],
    "effect": "target_attack",
    "effect_str": "stunned",
    "message": "",
    "min_range": 1,
    "max_range": 1,
    "min_duration": 125,
    "max_duration": 250,
    "flags": [ "RANDOM_DURATION", "SILENT" ]
  },
  {
    "id": "incubi_corrupt_aft",
    "type": "SPELL",
    "name": { "str": "incubi corruption" },
    "description": "This exists to grant a specific tier of the corruption effect.",
    "valid_targets": [ "hostile" ],
    "message": "",
    "flags": [ "RANDOM_DURATION", "SILENT" ],
    "effect": "target_attack",
    "effect_str": "corrupt_demoneff",
    "min_duration": 10000,
    "max_duration": 20000
  },
    {
    "id": "incubi_wifeu_actual",
    "type": "SPELL",
    "name": { "str": "Wife_U Actual: Incubi" },
    "description": "Actual part of the spell that give insemination tool armor. Tarry for too long and get slowed, cleanse it off and gain demon coom.",
    "sprite": "fd_fog",
    "message": "",
    "valid_targets": [ "hostile" ],
    "flags": [ "PERMANENT", "NO_HANDS", "NO_LEGS" ],
    "effect": "spawn_item",
    "effect_str": "daemonpreg_fluidwear_fert",
    "extra_effects": [
      { "id": "monspell_demon_stunlock" },
      { "id": "incubi_corrupt_aft" }
    ],
    "min_range": 1,
    "max_range": 1,
    "min_duration": 1,
    "max_duration": 1
  },
    {
    "id": "incubi_wifeu_faketual",
    "type": "SPELL",
    "name": { "str": "Wife_U faketual: Incubi" },
    "description": "Actual part of the spell that give insemination tool armor. Tarry for too long and get slowed, cleanse it off and you will get preg with demon baby(ies).",
    "sprite": "fd_fog",
    "message": "",
    "valid_targets": [ "hostile" ],
    "flags": [ "PERMANENT", "NO_HANDS", "NO_LEGS" ],
    "effect": "spawn_item",
    "effect_str": "daemonpreg_fluidwear",
    "extra_effects": [
      { "id": "monspell_demon_stunlock" },
      { "id": "incubi_corrupt_aft" }
    ],
    "min_range": 1,
    "max_range": 1,
    "min_duration": 1,
    "max_duration": 1
  },
    {
    "id": "succubi_wifeu_actual",
    "type": "SPELL",
    "name": { "str": "Wife_U Actual: Succubi" },
    "description": "Actual part of the spell that spawn demon baby. For succubi wife_u act.",
    "sprite": "fd_fog",
    "valid_targets": [ "ground" ],
    "message": "",
    "flags": [ "PERMANENT", "RANDOM_TARGET", "HOSTILE_SUMMON" ],
    "effect": "summon",
    "effect_str": "mon_lessor_demonbase",
    "extra_effects": [
      { "id": "monspell_demon_stunlock" }
    ],
    "min_damage": 1,
    "max_damage": 1,
    "min_range": 1,
    "max_range": 1,
    "min_duration": 1000,
    "max_duration": 1000
  },
  {
    "id": "incubi_screw_aft",
    "type": "SPELL",
    "name": { "str": "incubi sore" },
    "description": "This exists to grant a specific tier of the sore effect.",
    "valid_targets": [ "hostile" ],
    "message": "",
    "flags": [ "RANDOM_DURATION", "SILENT" ],
    "effect": "target_attack",
    "effect_str": "incuscrew_eff",
    "min_duration": 20000,
    "max_duration": 30000
  },
  {
    "id": "succubi_draining_aft",
    "type": "SPELL",
    "name": { "str": "lifeforce drain of the cubi" },
    "description": "This exists to grant a specific tier of the succudrain effect.",
    "valid_targets": [ "hostile" ],
    "message": "",
    "flags": [ "RANDOM_DURATION", "SILENT" ],
    "effect": "target_attack",
    "effect_str": "succudrain_eff",
    "min_duration": 20000,
    "max_duration": 30000
  },
    {
    "type": "SPELL",
    "id": "demon_monspell_empty",
    "name": { "str": "Nevercast" },
    "description": "Dirty hack to add RNG to demon spell effects.",
    "sprite": "fd_fog",
    "valid_targets": [ "self" ],
    "flags": [ "SILENT" ],
    "message": "",
    "effect": "target_attack"
  },
    {
    "id": "monspell_demon_allust",
    "type": "SPELL",
    "name": { "str": "Lewd Aura" },
    "description": "This is a monster spell, used by all cubi. 9 turn lesser, 7 cubi, 4-6 for alt, 3 great cubi. goathead have none. see hellfire spirit of fire arcana for how to set the cooldown. or maybe just copy hellfire, make them use a new field that give lust_demoneff.",
    "message": "",
    "effect": "target_attack",
    "effect_str": "lust_demoneff",
    "valid_targets": [ "hostile" ],
    "flags": [ "SILENT", "SOMATIC" ],
    "min_duration": 300,
    "max_duration": 15000,
    "min_range": 1,
    "max_range": 1
  },
  {
    "type": "SPELL",
    "id": "monspell_demon_stungacha",
    "name": { "str": "demonstun via assault gacha" },
    "description": "u no what is This used for.",
    "valid_targets": [ "hostile" ],
    "message": "",
    "effect": "none",
    "min_damage": 1,
    "max_damage": 1,
    "min_range": 1,
    "max_range": 1,
    "extra_effects": [
      { "id": "demon_monspell_empty" },
      { "id": "demon_monspell_empty" },
      { "id": "demon_monspell_empty" },
      { "id": "monspell_demon_stunlock" },
      { "id": "demon_monspell_empty" }
    ],
    "flags": [ "SILENT", "SOMATIC", "WONDER" ]
  },
    {
    "type": "SPELL",
    "id": "incubi_wifeu_preg",
    "name": { "str": "incu preggo 20%" },
    "description": "preg chance 20, coomgain 40.percent. was actiual faketial.",
    "valid_targets": [ "hostile" ],
    "message": "",
    "effect": "none",
    "min_damage": 1,
    "max_damage": 1,
    "min_range": 1,
    "max_range": 1,
    "extra_effects": [
      { "id": "demon_monspell_empty" },
      { "id": "demon_monspell_empty" },
      { "id": "incubi_wifeu_faketual" },
      { "id": "incubi_wifeu_faketual" },
      { "id": "incubi_wifeu_actual" }
    ],
    "flags": [ "SILENT", "WONDER", "NO_FAIL" ]
    },
    {
    "type": "SPELL",
    "id": "succubi_wifeu_preg",
    "name": { "str": "succu preggo 10%" },
    "description": "1 in 10 assault takes fruit, resulting in hyper-gestation and birth of demonic vessels by succubi. 10-50% chance of popping a baby demon.",
    "valid_targets": [ "self" ],
    "message": "",
    "effect": "none",
    "flags": [ "WONDER", "SILENT", "RANDOM_DAMAGE" ],
    "min_damage": 1,
    "max_damage": 5,
    "extra_effects": [
      { "id": "succubi_wifeu_actual" },
      { "id": "demon_monspell_empty" },
      { "id": "demon_monspell_empty" },
      { "id": "demon_monspell_empty" },
      { "id": "demon_monspell_empty" },
      { "id": "demon_monspell_empty" },
      { "id": "demon_monspell_empty" },
      { "id": "demon_monspell_empty" },
      { "id": "demon_monspell_empty" },
      { "id": "demon_monspell_empty" }
    ]
  },
    {
    "id": "incubi_corrupt_gacha",
    "type": "SPELL",
    "name": { "str": "corrupt gacha 10%" },
    "description": "10 to 50 corrupt, 20 to 80 lust.",
    "sprite": "fd_fog",
    "valid_targets": [ "self" ],
    "message": "",
    "effect": "none",
    "flags": [ "WONDER", "SILENT", "RANDOM_DAMAGE" ],
    "min_damage": 1,
    "max_damage": 5,
    "extra_effects": [
      { "id": "incubi_corrupt_aft" },
      { "id": "monspell_demon_allust" },
      { "id": "monspell_demon_allust" },
      { "id": "monspell_demon_allust" },
      { "id": "demon_monspell_empty" },
      { "id": "demon_monspell_empty" },
      { "id": "demon_monspell_empty" },
      { "id": "demon_monspell_empty" },
      { "id": "demon_monspell_empty" },
      { "id": "demon_monspell_empty" }
    ]
  },
    {
    "id": "assault_corrupt_gacha",
    "type": "SPELL",
    "name": { "str": "assault corruption gacha" },
    "description": "25 to 50 percent corruption chance after assault.",
    "sprite": "fd_fog",
    "valid_targets": [ "self" ],
    "message": "",
    "effect": "none",
    "flags": [ "WONDER", "SILENT", "RANDOM_DAMAGE" ],
    "min_damage": 1,
    "max_damage": 2,
    "extra_effects": [
      { "id": "incubi_corrupt_aft" },
      { "id": "demon_monspell_empty" },
      { "id": "demon_monspell_empty" },
      { "id": "demon_monspell_empty" }
    ]
  },
  {
    "id": "hell_contract_hentai",
    "type": "SPELL",
    "name": { "str": "Call to Contract Rand" },
    "description": "Attempts to pacify monsters for a moderate duration, paralyzes user and inflicts pain. Only works on demons.",
    "effect": "none",
    "message": "As the scroll burns into nothing, a wave of hellish wind centered from you radiates outwards toward anyone, while flashes of demonic deeds and experience flooding your mind in the process!",
    "extra_effects": [
      { "id": "hell_contract_hentai_targetting_temp" },
      { "id": "hell_contract_hentai_targetting_perm" }
    ],
    "min_damage": 1,
    "max_damage": 1,
    "min_aoe": 24,
    "max_aoe": 24,
    "valid_targets": [ "self", "hostile" ],
    "flags": [ "WONDER", "NO_HANDS", "NO_LEGS", "IGNORE_WALLS" ]
  },
  {
    "id": "hell_contract_hentai_targetting_temp",
    "type": "SPELL",
    "name": { "str": "Call to Contract" },
    "description": "Attempts to pacify monsters for a moderate duration, paralyzes user and inflicts pain. Only works on demons.",
    "effect": "target_attack",
    "extra_effects": [
      { "id": "hell_contract_hentai_actual_temp", "hit_self": true }
    ],
    "targeted_monster_ids": [
      "mon_lessor_succubi",
      "mon_succubi",
      "mon_greater_succubi",
      "mon_succubi_sadist",
      "mon_succubi_somnophilia",
      "mon_succubi_exhibitionism",
      "mon_succubi_lactophilia",
      "mon_lessor_incubi",
      "mon_incubi",
      "mon_greater_incubi",
      "mon_incubi_phalloplas",
      "mon_incubi_hoplophilia",
      "mon_incubi_sthenolagnia",
      "mon_cambion_male",
      "mon_cambion_female",
      "mon_shadow_summoned_fake",
      "mon_shadow_snake_summoned",
      "mon_shadow_snake_summoned_fake",
      "mon_shadow",
      "mon_shadow_summoned",
      "mon_shadow_snake"
    ],
    "min_damage": 1,
    "max_damage": 10,
    "damage_type": "fire",
    "min_aoe": 24,
    "max_aoe": 24,
    "valid_targets": [ "self", "hostile" ],
    "flags": [ "NO_HANDS", "NO_LEGS", "SILENT", "IGNORE_WALLS" ]
  },
    {
    "id": "hell_contract_hentai_targetting_perm",
    "type": "SPELL",
    "name": { "str": "Call to Contract" },
    "description": "Attempts to pacify monsters for a moderate duration, paralyzes user and inflicts pain. Only works on demons.",
    "effect": "target_attack",
    "extra_effects": [
      { "id": "hell_contract_hentai_actual_perma", "hit_self": true }
    ],
    "targeted_monster_ids": [
      "mon_lessor_succubi",
      "mon_succubi",
      "mon_greater_succubi",
      "mon_succubi_sadist",
      "mon_succubi_somnophilia",
      "mon_succubi_exhibitionism",
      "mon_succubi_lactophilia",
      "mon_lessor_incubi",
      "mon_incubi",
      "mon_greater_incubi",
      "mon_incubi_phalloplas",
      "mon_incubi_hoplophilia",
      "mon_incubi_sthenolagnia",
      "mon_cambion_male",
      "mon_cambion_female",
      "mon_shadow_summoned_fake",
      "mon_shadow_snake_summoned",
      "mon_shadow_snake_summoned_fake",
      "mon_shadow",
      "mon_shadow_summoned",
      "mon_shadow_snake"
    ],
    "min_damage": 1,
    "max_damage": 10,
    "damage_type": "fire",
    "min_aoe": 24,
    "max_aoe": 24,
    "valid_targets": [ "self", "hostile" ],
    "flags": [ "NO_HANDS", "NO_LEGS", "SILENT", "IGNORE_WALLS" ]
  },
    {
    "id": "hell_contract_hentai_actual_temp",
    "type": "SPELL",
    "name": { "str": "Demonic Order, Temp" },
    "description": "Attempts to pacify monsters for a moderate duration, paralyzes user and inflicts pain.",
    "sprite": "fd_tindalos_rift",
    "effect": "charm_monster",
    "extra_effects": [
      { "id": "demon_contract_pain", "hit_self": true },
      { "id": "demon_contract_paralyze", "hit_self": true }
    ],
    "min_damage": 180,
    "max_damage": 240,
    "min_duration": 1080000,
    "max_duration": 1440000,
    "min_aoe": 24,
    "max_aoe": 24,
    "valid_targets": [ "self", "hostile" ],
    "flags": [ "RANDOM_DAMAGE", "RANDOM_DURATION", "NO_HANDS", "NO_LEGS", "IGNORE_WALLS", "SILENT" ]
  },
    {
    "id": "hell_contract_hentai_actual_perma",
    "type": "SPELL",
    "name": { "str": "Demonic Order, Perma" },
    "description": "Attempts to pacify monsters for a moderate duration, paralyzes user and inflicts pain. Permanent.",
    "sprite": "fd_tindalos_rift",
    "effect": "charm_monster",
    "extra_effects": [
      { "id": "demon_contract_pain", "hit_self": true },
      { "id": "demon_contract_paralyze", "hit_self": true }
    ],
    "min_damage": 180,
    "max_damage": 240,
    "min_duration": 1,
    "max_duration": 1,
    "min_aoe": 24,
    "max_aoe": 24,
    "valid_targets": [ "self", "hostile" ],
    "flags": [ "RANDOM_DAMAGE", "PERMANENT", "NO_HANDS", "NO_LEGS", "IGNORE_WALLS", "SILENT" ]
  },
  {
    "id": "demon_contract_pain",
    "type": "SPELL",
    "name": { "str": "Demon Scroll: Artifice Pain" },
    "description": "Used instead of Artifact Pain to suppress the message and make the range more narrow.",
    "sprite": "fd_fire",
    "valid_targets": [ "self" ],
    "message": "",
    "effect": "recover_energy",
    "effect_str": "PAIN",
    "flags": [ "RANDOM_DAMAGE", "SILENT", "NO_HANDS", "NO_LEGS" ],
    "min_damage": -15,
    "max_damage": -20
  },
  {
    "id": "demon_contract_paralyze",
    "type": "SPELL",
    "name": { "str": "Demon Scroll: Artifice Paralysis" },
    "description": "This gives scrolls of contract a brief brain-zap, longer than normal artifact paralysis.",
    "sprite": "fd_fire",
    "valid_targets": [ "self" ],
    "message": "",
    "flags": [ "SILENT", "RANDOM_DAMAGE", "NO_HANDS", "NO_LEGS" ],
    "effect": "mod_moves",
    "min_damage": -200,
    "max_damage": -300
  },
    {
    "type": "SPELL",
    "id": "d_cum_itemspell_antiexploit",
    "name": { "str": "pwner demon filth" },
    "description": "gacha rando amount",
    "valid_targets": [ "self" ],
    "message": "",
    "effect": "none",
    "min_damage": 1,
    "max_damage": 3,
    "extra_effects": [
      { "id": "demon_monspell_empty" },
      { "id": "demon_monspell_empty" },
      { "id": "d_cum_itemspell_pwner" },
      { "id": "d_cum_itemspell_pwner" },
      { "id": "d_cum_itemspell_pwner" }
    ],
    "flags": [ "SILENT", "WONDER", "NO_FAIL" ]
    },
  {
    "id": "d_cum_itemspell_pwner",
    "type": "SPELL",
    "name": { "str": "Scrape: Gather it" },
    "description": "This exists to stop exploit of infinite d_cum muta drinks.",
    "sprite": "fd_fire",
    "valid_targets": [ "self" ],
    "message": "",
    "flags": [ "SILENT", "PERMANENT", "NO_HANDS", "NO_LEGS" ],
    "effect": "spawn_item",
    "effect_str": "d_cum",
    "min_duration": 1,
    "max_duration": 1
  }
]