[
  {
    "id": "test_spell_incuerror",
    "type": "SPELL",
    "name": { "str": "Hellfire Aura" },
    "description": "This is a monster spell, used by me to test wth the game keep spergin on loadin spell for cubis. even if it works. changing spell id or spell special attacks in monsta to totes unrelated spell stuff, in case my spell is plain sucks just dont resolve the issue. taken from arcana. adding changing categories notes from mon didnt do a thing. bets on flag stuff causin the issue. cuz if its syntax error, da spell shouldn't load at all.",
    "sprite": "fd_fire",
    "message": "",
    "effect": "target_attack",
    "valid_targets": [ "hostile" ],
    "flags": [ "SILENT" ],
    "min_range": 1,
    "max_range": 1,
    "min_aoe": 1,
    "max_aoe": 1,
    "field_id": "fd_hot_air4",
    "field_chance": 1,
    "min_field_intensity": 3,
    "max_field_intensity": 3
  },
  {
    "id": "incus_wifeu_camale",
    "type": "SPELL",
    "name": { "str": "male cambion wifeu" },
    "description": "wifeu in spell",
    "valid_targets": [ "hostile" ],
    "effect": "target_attack",
    "effect_str": "lust_demoneff",
    "min_duration": 20000,
    "max_duration": 30000,
    "flags": [ "RANDOM_DURATION", "SILENT" ],
    "message": "",
    "min_range": 1,
    "max_range": 1,
    "extra_effects": [
      { "id": "incubi_wifeu_preg" },
      { "id": "monspell_demon_stungacha" },
      { "id": "incubi_corrupt_gacha" },
      { "id": "assault_corrupt_gacha" },
      { "id": "incubi_screw_aft" },
      { "id": "monspell_demon_allust" }
    ]
  },
  {
    "id": "succs_wifeu_camale",
    "type": "SPELL",
    "name": { "str": "fem cambion wifeu" },
    "description": "wifeu in spell",
    "valid_targets": [ "hostile" ],
    "effect": "target_attack",
    "effect_str": "lust_demoneff",
    "min_duration": 20000,
    "max_duration": 30000,
    "flags": [ "RANDOM_DURATION", "SILENT" ],
    "message": "",
    "min_range": 1,
    "max_range": 1,
    "extra_effects": [
      { "id": "succubi_wifeu_preg" },
      { "id": "monspell_demon_stungacha" },
      { "id": "succubi_draining_aft" },
      { "id": "assault_corrupt_gacha" },
      { "id": "monspell_demon_allust" }
    ]
  },
    {
    "id": "leincus_wifeu",
    "type": "SPELL",
    "name": { "str": "lesser incubi wifeu" },
    "description": "wifeu in spell",
    "valid_targets": [ "hostile" ],
    "effect": "target_attack",
    "effect_str": "lust_demoneff",
    "min_duration": 20000,
    "max_duration": 30000,
    "flags": [ "RANDOM_DURATION", "SILENT" ],
    "message": "",
    "min_range": 1,
    "max_range": 1,
    "extra_effects": [
      { "id": "incubi_wifeu_preg" },
      { "id": "monspell_demon_stungacha" },
      { "id": "incubi_corrupt_gacha" },
      { "id": "assault_corrupt_gacha" },
      { "id": "incubi_screw_aft" },
      { "id": "monspell_demon_allust" }
    ]
  },
  {
    "id": "lesuccs_wifeu",
    "type": "SPELL",
    "name": { "str": "lesser succubi wifeu" },
    "description": "wifeu in spell",
    "valid_targets": [ "hostile" ],
    "effect": "target_attack",
    "effect_str": "lust_demoneff",
    "min_duration": 20000,
    "max_duration": 30000,
    "flags": [ "RANDOM_DURATION", "SILENT" ],
    "message": "",
    "min_range": 1,
    "max_range": 1,
    "extra_effects": [
      { "id": "succubi_wifeu_preg" },
      { "id": "monspell_demon_stungacha" },
      { "id": "succubi_draining_aft" },
      { "id": "assault_corrupt_gacha" },
      { "id": "monspell_demon_allust" }
    ]
  },
  {
    "id": "incus_wifeu",
    "type": "SPELL",
    "name": { "str": "incubi wifeu" },
    "description": "wifeu in spell",
    "valid_targets": [ "hostile" ],
    "effect": "target_attack",
    "effect_str": "lust_demoneff",
    "min_duration": 20000,
    "max_duration": 30000,
    "flags": [ "RANDOM_DURATION", "SILENT" ],
    "message": "",
    "min_range": 1,
    "max_range": 1,
    "extra_effects": [
      { "id": "incubi_wifeu_preg" },
      { "id": "monspell_demon_stungacha" },
      { "id": "incubi_corrupt_gacha" },
      { "id": "assault_corrupt_gacha" },
      { "id": "incubi_screw_aft" },
      { "id": "monspell_demon_allust" }
    ]
  },
  {
    "id": "succs_wifeu",
    "type": "SPELL",
    "name": { "str": "succubi wifeu" },
    "description": "wifeu in spell",
    "valid_targets": [ "hostile" ],
    "effect": "target_attack",
    "effect_str": "lust_demoneff",
    "min_duration": 20000,
    "max_duration": 30000,
    "flags": [ "RANDOM_DURATION", "SILENT" ],
    "message": "",
    "min_range": 1,
    "max_range": 1,
    "extra_effects": [
      { "id": "succubi_wifeu_preg" },
      { "id": "monspell_demon_stungacha" },
      { "id": "succubi_draining_aft" },
      { "id": "assault_corrupt_gacha" },
      { "id": "monspell_demon_allust" }
    ]
  },
    {
    "id": "gincus_wifeu",
    "type": "SPELL",
    "name": { "str": "greater incubi wifeu" },
    "description": "wifeu in spell",
    "valid_targets": [ "hostile" ],
    "effect": "target_attack",
    "effect_str": "lust_demoneff",
    "min_duration": 20000,
    "max_duration": 30000,
    "flags": [ "RANDOM_DURATION", "SILENT" ],
    "message": "",
    "min_range": 1,
    "max_range": 1,
    "extra_effects": [
      { "id": "incubi_wifeu_preg" },
      { "id": "monspell_demon_stungacha" },
      { "id": "incubi_corrupt_gacha" },
      { "id": "assault_corrupt_gacha" },
      { "id": "incubi_screw_aft" },
      { "id": "monspell_demon_allust" }
    ]
  },
  {
    "id": "gsuccs_wifeu",
    "type": "SPELL",
    "name": { "str": "greater succubi wifeu" },
    "description": "wifeu in spell",
    "valid_targets": [ "hostile" ],
    "effect": "target_attack",
    "effect_str": "lust_demoneff",
    "min_duration": 20000,
    "max_duration": 30000,
    "flags": [ "RANDOM_DURATION", "SILENT" ],
    "message": "",
    "min_range": 1,
    "max_range": 1,
    "extra_effects": [
      { "id": "succubi_wifeu_preg" },
      { "id": "monspell_demon_stungacha" },
      { "id": "succubi_draining_aft" },
      { "id": "assault_corrupt_gacha" },
      { "id": "monspell_demon_allust" }
    ]
  },
  {
    "id": "sincus_wifeu",
    "type": "SPELL",
    "name": { "str": "school corrupt teach wifeu" },
    "description": "wifeu in spell",
    "valid_targets": [ "hostile" ],
    "effect": "target_attack",
    "effect_str": "lust_demoneff",
    "min_duration": 20000,
    "max_duration": 30000,
    "flags": [ "RANDOM_DURATION", "SILENT" ],
    "message": "",
    "min_range": 1,
    "max_range": 1,
    "extra_effects": [
      { "id": "incubi_wifeu_preg" },
      { "id": "monspell_demon_stungacha" },
      { "id": "incubi_corrupt_gacha" },
      { "id": "assault_corrupt_gacha" },
      { "id": "incubi_screw_aft" },
      { "id": "monspell_demon_allust" }
    ]
  },
  {
    "id": "ssuccs_wifeu",
    "type": "SPELL",
    "name": { "str": "school corrupt femteach wifeu" },
    "description": "wifeu in spell",
    "valid_targets": [ "hostile" ],
    "effect": "target_attack",
    "effect_str": "lust_demoneff",
    "min_duration": 20000,
    "max_duration": 30000,
    "flags": [ "RANDOM_DURATION", "SILENT" ],
    "message": "",
    "min_range": 1,
    "max_range": 1,
    "extra_effects": [
      { "id": "succubi_wifeu_preg" },
      { "id": "monspell_demon_stungacha" },
      { "id": "succubi_draining_aft" },
      { "id": "assault_corrupt_gacha" },
      { "id": "monspell_demon_allust" }
    ]
  },
  {
    "id": "ls_incus_wifeu",
    "type": "SPELL",
    "name": { "str": "student male corrupt wifeu" },
    "description": "wifeu in spell",
    "valid_targets": [ "hostile" ],
    "effect": "target_attack",
    "effect_str": "lust_demoneff",
    "min_duration": 20000,
    "max_duration": 30000,
    "flags": [ "RANDOM_DURATION", "SILENT" ],
    "message": "",
    "min_range": 1,
    "max_range": 1,
    "extra_effects": [
      { "id": "incubi_wifeu_preg" },
      { "id": "monspell_demon_stungacha" },
      { "id": "incubi_corrupt_gacha" },
      { "id": "assault_corrupt_gacha" },
      { "id": "incubi_screw_aft" },
      { "id": "monspell_demon_allust" }
    ]
  },
  {
    "id": "ls_succs_wifeu",
    "type": "SPELL",
    "name": { "str": "student fem corrupt wifeu" },
    "description": "wifeu in spell",
    "valid_targets": [ "hostile" ],
    "effect": "target_attack",
    "effect_str": "lust_demoneff",
    "min_duration": 20000,
    "max_duration": 30000,
    "flags": [ "RANDOM_DURATION", "SILENT" ],
    "message": "",
    "min_range": 1,
    "max_range": 1,
    "extra_effects": [
      { "id": "succubi_wifeu_preg" },
      { "id": "monspell_demon_stungacha" },
      { "id": "succubi_draining_aft" },
      { "id": "assault_corrupt_gacha" },
      { "id": "monspell_demon_allust" }
    ]
  },
  {
    "id": "gun_incus_wifeu",
    "type": "SPELL",
    "name": { "str": "murderous incubus wifeu" },
    "description": "wifeu in spell",
    "valid_targets": [ "hostile" ],
    "effect": "target_attack",
    "effect_str": "lust_demoneff",
    "min_duration": 20000,
    "max_duration": 30000,
    "flags": [ "RANDOM_DURATION", "SILENT" ],
    "message": "",
    "min_range": 1,
    "max_range": 1,
    "extra_effects": [
      { "id": "incubi_wifeu_preg" },
      { "id": "monspell_demon_stungacha" },
      { "id": "incubi_corrupt_gacha" },
      { "id": "assault_corrupt_gacha" },
      { "id": "incubi_screw_aft" },
      { "id": "monspell_demon_allust" }
    ]
  },
  {
    "id": "cbm_incus_wifeu",
    "type": "SPELL",
    "name": { "str": "menacing incubus wifeu" },
    "description": "wifeu in spell",
    "valid_targets": [ "hostile" ],
    "effect": "target_attack",
    "effect_str": "lust_demoneff",
    "min_duration": 20000,
    "max_duration": 30000,
    "flags": [ "RANDOM_DURATION", "SILENT" ],
    "message": "",
    "min_range": 1,
    "max_range": 1,
    "extra_effects": [
      { "id": "incubi_wifeu_preg" },
      { "id": "monspell_demon_stungacha" },
      { "id": "incubi_corrupt_gacha" },
      { "id": "assault_corrupt_gacha" },
      { "id": "incubi_screw_aft" },
      { "id": "monspell_demon_allust" }
    ]
  },
  {
    "id": "fit_incus_wifeu",
    "type": "SPELL",
    "name": { "str": "fitcubus wifeu" },
    "description": "wifeu in spell",
    "valid_targets": [ "hostile" ],
    "effect": "target_attack",
    "effect_str": "lust_demoneff",
    "min_duration": 20000,
    "max_duration": 30000,
    "flags": [ "RANDOM_DURATION", "SILENT" ],
    "message": "",
    "min_range": 1,
    "max_range": 1,
    "extra_effects": [
      { "id": "incubi_wifeu_preg" },
      { "id": "monspell_demon_stungacha" },
      { "id": "incubi_corrupt_gacha" },
      { "id": "assault_corrupt_gacha" },
      { "id": "incubi_screw_aft" },
      { "id": "monspell_demon_allust" }
    ]
  },
  {
    "id": "lact_succs_wifeu",
    "type": "SPELL",
    "name": { "str": "lactatin succus wifeu" },
    "description": "wifeu in spell",
    "valid_targets": [ "hostile" ],
    "effect": "target_attack",
    "effect_str": "lust_demoneff",
    "min_duration": 20000,
    "max_duration": 30000,
    "flags": [ "RANDOM_DURATION", "SILENT" ],
    "message": "",
    "min_range": 1,
    "max_range": 1,
    "extra_effects": [
      { "id": "succubi_wifeu_preg" },
      { "id": "monspell_demon_stungacha" },
      { "id": "succubi_draining_aft" },
      { "id": "assault_corrupt_gacha" },
      { "id": "monspell_demon_allust" }
    ]
  },
  {
    "id": "naked_succs_wifeu",
    "type": "SPELL",
    "name": { "str": "exhibitionist succus wifeu" },
    "description": "wifeu in spell",
    "valid_targets": [ "hostile" ],
    "effect": "target_attack",
    "effect_str": "lust_demoneff",
    "min_duration": 20000,
    "max_duration": 30000,
    "flags": [ "RANDOM_DURATION", "SILENT" ],
    "message": "",
    "min_range": 1,
    "max_range": 1,
    "extra_effects": [
      { "id": "succubi_wifeu_preg" },
      { "id": "monspell_demon_stungacha" },
      { "id": "succubi_draining_aft" },
      { "id": "assault_corrupt_gacha" },
      { "id": "monspell_demon_allust" }
    ]
  },
  {
    "id": "sleep_succs_wifeu",
    "type": "SPELL",
    "name": { "str": "somnosuccus wifeu" },
    "description": "wifeu in spell",
    "valid_targets": [ "hostile" ],
    "effect": "target_attack",
    "effect_str": "lust_demoneff",
    "min_duration": 20000,
    "max_duration": 30000,
    "flags": [ "RANDOM_DURATION", "SILENT" ],
    "message": "",
    "min_range": 1,
    "max_range": 1,
    "extra_effects": [
      { "id": "succubi_wifeu_preg" },
      { "id": "monspell_demon_stungacha" },
      { "id": "succubi_draining_aft" },
      { "id": "assault_corrupt_gacha" },
      { "id": "monspell_demon_allust" }
    ]
  },
  {
    "id": "sade_succs_wifeu",
    "type": "SPELL",
    "name": { "str": "sadist succus wifeu" },
    "description": "wifeu in spell",
    "valid_targets": [ "hostile" ],
    "effect": "target_attack",
    "effect_str": "lust_demoneff",
    "min_duration": 20000,
    "max_duration": 30000,
    "flags": [ "RANDOM_DURATION", "SILENT" ],
    "message": "",
    "min_range": 1,
    "max_range": 1,
    "extra_effects": [
      { "id": "succubi_wifeu_preg" },
      { "id": "monspell_demon_stungacha" },
      { "id": "succubi_draining_aft" },
      { "id": "assault_corrupt_gacha" },
      { "id": "monspell_demon_allust" }
    ]
  },
  {
    "id": "herm_wifeu",
    "type": "SPELL",
    "name": { "str": "demongoat wifeu" },
    "description": "wifeu in spell",
    "valid_targets": [ "hostile" ],
    "effect": "target_attack",
    "effect_str": "lust_demoneff",
    "min_duration": 20000,
    "max_duration": 30000,
    "flags": [ "RANDOM_DURATION", "SILENT" ],
    "message": "",
    "min_range": 1,
    "max_range": 1,
    "extra_effects": [
      { "id": "succubi_wifeu_preg" },
      { "id": "incubi_wifeu_preg" },
      { "id": "monspell_demon_stungacha" },
      { "id": "incubi_corrupt_gacha" },
      { "id": "assault_corrupt_gacha" },
      { "id": "incubi_screw_aft" },
      { "id": "succubi_draining_aft" },
      { "id": "monspell_demon_allust" }
    ]
  },
  {
    "id": "tenta_wifeu",
    "type": "SPELL",
    "name": { "str": "tentabeast wifeu" },
    "description": "wifeu in spell",
    "valid_targets": [ "hostile" ],
    "effect": "target_attack",
    "effect_str": "lust_demoneff",
    "min_duration": 20000,
    "max_duration": 30000,
    "flags": [ "RANDOM_DURATION", "SILENT" ],
    "message": "",
    "min_range": 1,
    "max_range": 1,
    "extra_effects": [
      { "id": "monspell_demon_stungacha" },
      { "id": "incubi_corrupt_gacha" },
      { "id": "assault_corrupt_gacha" },
      { "id": "lewdstrike_pain" },
      { "id": "monspell_demon_allust" }
    ]
  }
]